"position","label","of_interest"
"7077","7076A>G","TRUE"
"1663","1661A>G","TRUE"
"134","134T>C","FALSE"
"204","204T>C","FALSE"
"1951","1949G>A","FALSE"
"638","636A>G","TRUE"
"6051","6050T>C","FALSE"
"15643","15642T>C","TRUE"
"1084","1082A>G","FALSE"
"5488","5487T>C","FALSE"
"11712","11711G>A","FALSE"
"2335","2333G>A","FALSE"
"936","934G>A","TRUE"
"13760","13759G>A","FALSE"
"2438","2436G>A","FALSE"
"6457","6456G>A","FALSE"
"11563","11562G>A","FALSE"
"15756","15755T>C","FALSE"
"16313","16311T>C","FALSE"
"4517","4516G>A","FALSE"
"10319","10318T>C","FALSE"
"11307","11306G>A","TRUE"
"1336","1334G>A","FALSE"
"13682","13681A>G","FALSE"
"629","627G>A","TRUE"
